{
  "mean": [
    56.91425,
    2011.640546875,
    31.903186274509785,
    89.28675,
    63.041960784311804,
    17.86025
  ],
  "std": [
    32.61048082193036,
    658.2857055617775,
    8.58741593579496,
    17.71899473552369,
    28.41080513948101,
    7.729309150079331
  ],
  "classes": [
    "SLOW",
    "NORMAL",
    "AGGRESSIVE"
  ]
}